Date,Open,High,Low,Close,Adj Close,Volume
2018-05-09,600.000000,630.000000,520.000000,545.000000,543.882324,275187300
2018-05-10,null,null,null,null,null,null
2018-05-11,550.000000,660.000000,550.000000,620.000000,618.728516,285278000
2018-05-14,620.000000,650.000000,600.000000,600.000000,598.769531,124691400
2018-05-15,600.000000,600.000000,600.000000,600.000000,598.769531,0
2018-05-16,600.000000,600.000000,600.000000,600.000000,598.769531,0
2018-05-17,595.000000,600.000000,580.000000,585.000000,583.800293,26683900
2018-05-18,590.000000,590.000000,565.000000,570.000000,568.831055,10352200
2018-05-21,580.000000,580.000000,550.000000,555.000000,553.861816,21014600
2018-05-22,555.000000,575.000000,555.000000,560.000000,558.851563,25543200
2018-05-23,565.000000,570.000000,555.000000,560.000000,558.851563,12809900
2018-05-24,565.000000,610.000000,555.000000,610.000000,608.749023,57698100
2018-05-25,610.000000,615.000000,585.000000,585.000000,583.800293,27723500
2018-05-28,585.000000,655.000000,585.000000,635.000000,633.697754,124729700
2018-05-29,635.000000,635.000000,635.000000,635.000000,633.697754,0
2018-05-30,640.000000,650.000000,615.000000,635.000000,633.697754,51079100
2018-05-31,640.000000,645.000000,620.000000,625.000000,623.718262,15279100
2018-06-01,625.000000,625.000000,625.000000,625.000000,623.718262,0
2018-06-04,625.000000,635.000000,605.000000,610.000000,608.749023,19430400
2018-06-05,610.000000,620.000000,605.000000,605.000000,603.759277,7919500
2018-06-06,610.000000,630.000000,605.000000,625.000000,623.718262,24427900
2018-06-07,625.000000,630.000000,615.000000,615.000000,613.738770,6796800
2018-06-08,620.000000,620.000000,605.000000,610.000000,608.749023,4444900
2018-06-11,610.000000,610.000000,610.000000,610.000000,608.749023,0
2018-06-12,610.000000,610.000000,610.000000,610.000000,608.749023,0
2018-06-13,610.000000,610.000000,610.000000,610.000000,608.749023,0
2018-06-14,610.000000,610.000000,610.000000,610.000000,608.749023,0
2018-06-15,610.000000,610.000000,610.000000,610.000000,608.749023,0
2018-06-18,610.000000,610.000000,610.000000,610.000000,608.749023,0
2018-06-19,610.000000,610.000000,610.000000,610.000000,608.749023,0
2018-06-20,610.000000,610.000000,590.000000,595.000000,593.779785,7244900
2018-06-21,605.000000,605.000000,575.000000,585.000000,583.800293,6415800
2018-06-22,585.000000,590.000000,575.000000,585.000000,583.800293,3595000
2018-06-25,585.000000,585.000000,550.000000,555.000000,553.861816,16082600
2018-06-26,555.000000,575.000000,555.000000,570.000000,568.831055,17860900
2018-06-27,580.000000,615.000000,580.000000,595.000000,593.779785,24338700
2018-06-28,600.000000,610.000000,575.000000,595.000000,593.779785,10743000
2018-06-29,595.000000,605.000000,575.000000,595.000000,593.779785,6849500
2018-07-02,595.000000,600.000000,575.000000,580.000000,578.810547,3648700
2018-07-03,580.000000,585.000000,560.000000,565.000000,563.841309,8212400
2018-07-04,565.000000,585.000000,555.000000,585.000000,583.800293,5412700
2018-07-05,580.000000,580.000000,565.000000,575.000000,573.820801,2460800
2018-07-06,575.000000,575.000000,560.000000,565.000000,563.841309,3800800
2018-07-09,565.000000,575.000000,560.000000,570.000000,568.831055,6003600
2018-07-10,570.000000,575.000000,560.000000,565.000000,563.841309,6586100
2018-07-11,565.000000,565.000000,555.000000,560.000000,558.851563,2993600
2018-07-12,565.000000,610.000000,555.000000,590.000000,588.790039,65306300
2018-07-13,590.000000,620.000000,585.000000,595.000000,593.779785,32849500
2018-07-16,600.000000,600.000000,570.000000,575.000000,573.820801,10303200
2018-07-17,575.000000,580.000000,565.000000,570.000000,568.831055,4649100
2018-07-18,570.000000,580.000000,565.000000,565.000000,563.841309,8578200
2018-07-19,570.000000,575.000000,560.000000,560.000000,558.851563,12071100
2018-07-20,565.000000,570.000000,560.000000,560.000000,558.851563,3763500
2018-07-23,560.000000,570.000000,560.000000,565.000000,563.841309,4678100
2018-07-24,570.000000,570.000000,560.000000,560.000000,558.851563,5363600
2018-07-25,560.000000,565.000000,560.000000,560.000000,558.851563,3205700
2018-07-26,565.000000,585.000000,560.000000,570.000000,568.831055,22287400
2018-07-27,570.000000,575.000000,560.000000,565.000000,563.841309,9816400
2018-07-30,565.000000,570.000000,560.000000,560.000000,558.851563,8786700
2018-07-31,560.000000,565.000000,555.000000,555.000000,553.861816,5541100
2018-08-01,560.000000,565.000000,555.000000,560.000000,558.851563,6317000
2018-08-02,565.000000,565.000000,555.000000,555.000000,553.861816,4528800
2018-08-03,560.000000,565.000000,555.000000,555.000000,553.861816,6220000
2018-08-06,555.000000,575.000000,540.000000,565.000000,563.841309,28568100
2018-08-07,565.000000,615.000000,565.000000,610.000000,608.749023,117627500
2018-08-08,615.000000,635.000000,610.000000,625.000000,623.718262,53788800
2018-08-09,625.000000,630.000000,605.000000,615.000000,613.738770,9639800
2018-08-10,615.000000,650.000000,615.000000,625.000000,623.718262,48398200
2018-08-13,625.000000,635.000000,590.000000,610.000000,608.749023,39464600
2018-08-14,610.000000,630.000000,605.000000,610.000000,608.749023,11945200
2018-08-15,610.000000,625.000000,610.000000,620.000000,618.728516,23989800
2018-08-16,620.000000,620.000000,600.000000,605.000000,603.759277,5174700
2018-08-17,605.000000,605.000000,605.000000,605.000000,603.759277,0
2018-08-20,605.000000,615.000000,605.000000,610.000000,608.749023,4978600
2018-08-21,615.000000,620.000000,605.000000,610.000000,608.749023,5720100
2018-08-22,610.000000,610.000000,610.000000,610.000000,608.749023,0
2018-08-23,615.000000,680.000000,610.000000,660.000000,658.646484,71776900
2018-08-24,660.000000,670.000000,645.000000,650.000000,648.666992,27078000
2018-08-27,655.000000,665.000000,635.000000,650.000000,648.666992,22309600
2018-08-28,650.000000,660.000000,635.000000,635.000000,633.697754,12999600
2018-08-29,635.000000,640.000000,630.000000,640.000000,638.687500,7256000
2018-08-30,640.000000,665.000000,635.000000,645.000000,643.677246,23126000
2018-08-31,635.000000,645.000000,630.000000,640.000000,638.687500,6458900
2018-09-03,640.000000,650.000000,630.000000,630.000000,628.708008,5272100
2018-09-04,635.000000,635.000000,605.000000,615.000000,613.738770,16463300
2018-09-05,615.000000,615.000000,570.000000,585.000000,583.800293,22523600
2018-09-06,580.000000,600.000000,570.000000,590.000000,588.790039,24763700
2018-09-07,590.000000,600.000000,585.000000,590.000000,588.790039,20287100
2018-09-10,590.000000,640.000000,590.000000,610.000000,608.749023,29957300
2018-09-11,610.000000,610.000000,610.000000,610.000000,608.749023,0
2018-09-12,615.000000,620.000000,600.000000,605.000000,603.759277,9439400
2018-09-13,615.000000,615.000000,600.000000,600.000000,598.769531,4772900
2018-09-14,605.000000,610.000000,595.000000,600.000000,598.769531,4247200
2018-09-17,600.000000,600.000000,590.000000,590.000000,588.790039,4018200
2018-09-18,605.000000,605.000000,585.000000,590.000000,588.790039,3823500
2018-09-19,595.000000,605.000000,590.000000,605.000000,603.759277,8288900
2018-09-20,605.000000,610.000000,595.000000,600.000000,598.769531,13257700
2018-09-21,605.000000,605.000000,585.000000,590.000000,588.790039,16316400
2018-09-24,595.000000,595.000000,580.000000,580.000000,578.810547,5840600
2018-09-25,580.000000,590.000000,570.000000,580.000000,578.810547,6018100
2018-09-26,580.000000,590.000000,575.000000,580.000000,578.810547,9477800
2018-09-27,580.000000,590.000000,575.000000,585.000000,583.800293,9107800
2018-09-28,585.000000,595.000000,580.000000,595.000000,593.779785,5375700
2018-10-01,595.000000,595.000000,585.000000,590.000000,588.790039,10345600
2018-10-02,590.000000,590.000000,580.000000,580.000000,578.810547,4911100
2018-10-03,580.000000,590.000000,580.000000,585.000000,583.800293,2994700
2018-10-04,585.000000,585.000000,575.000000,580.000000,578.810547,8715600
2018-10-05,580.000000,585.000000,575.000000,575.000000,573.820801,4520900
2018-10-08,570.000000,580.000000,570.000000,575.000000,573.820801,4900900
2018-10-09,575.000000,580.000000,575.000000,575.000000,573.820801,3751900
2018-10-10,575.000000,580.000000,570.000000,575.000000,573.820801,2451600
2018-10-11,575.000000,580.000000,550.000000,570.000000,568.831055,5906900
2018-10-12,570.000000,575.000000,560.000000,565.000000,563.841309,6533200
2018-10-15,565.000000,570.000000,555.000000,555.000000,553.861816,7820900
2018-10-16,555.000000,565.000000,550.000000,555.000000,553.861816,4223200
2018-10-17,560.000000,570.000000,555.000000,555.000000,553.861816,5799800
2018-10-18,560.000000,565.000000,555.000000,560.000000,558.851563,4423700
2018-10-19,560.000000,575.000000,550.000000,560.000000,558.851563,55540200
2018-10-22,565.000000,565.000000,550.000000,555.000000,553.861816,8899600
2018-10-23,555.000000,560.000000,545.000000,555.000000,553.861816,10569700
2018-10-24,555.000000,555.000000,530.000000,535.000000,533.902832,8436000
2018-10-25,525.000000,540.000000,520.000000,535.000000,533.902832,5119900
2018-10-26,540.000000,545.000000,530.000000,530.000000,528.913086,3669300
2018-10-29,530.000000,540.000000,525.000000,530.000000,528.913086,1983100
2018-10-30,530.000000,535.000000,525.000000,535.000000,533.902832,2812800
2018-10-31,535.000000,545.000000,530.000000,535.000000,533.902832,4318600
2018-11-01,535.000000,540.000000,530.000000,540.000000,538.892578,3900800
2018-11-02,540.000000,575.000000,540.000000,570.000000,568.831055,11330900
2018-11-05,570.000000,570.000000,555.000000,560.000000,558.851563,2956000
2018-11-06,560.000000,570.000000,555.000000,555.000000,553.861816,2922100
2018-11-07,555.000000,570.000000,555.000000,565.000000,563.841309,3777600
2018-11-08,570.000000,585.000000,560.000000,560.000000,558.851563,6586000
2018-11-09,560.000000,565.000000,550.000000,555.000000,553.861816,1332800
2018-11-12,560.000000,560.000000,545.000000,550.000000,548.872070,2932700
2018-11-13,550.000000,555.000000,540.000000,555.000000,553.861816,5060600
2018-11-14,555.000000,565.000000,545.000000,545.000000,543.882324,2645200
2018-11-15,545.000000,555.000000,540.000000,550.000000,548.872070,2087200
2018-11-16,550.000000,570.000000,550.000000,565.000000,563.841309,6821100
2018-11-19,560.000000,570.000000,540.000000,545.000000,543.882324,9631500
2018-11-20,545.000000,545.000000,545.000000,545.000000,543.882324,0
2018-11-21,540.000000,545.000000,525.000000,530.000000,528.913086,16326100
2018-11-22,530.000000,545.000000,530.000000,540.000000,538.892578,6073300
2018-11-23,540.000000,545.000000,535.000000,535.000000,533.902832,2007600
2018-11-26,535.000000,550.000000,535.000000,550.000000,548.872070,9851400
2018-11-27,555.000000,575.000000,550.000000,555.000000,553.861816,42186600
2018-11-28,565.000000,575.000000,540.000000,545.000000,543.882324,16410100
2018-11-29,545.000000,555.000000,540.000000,545.000000,543.882324,14474200
2018-11-30,545.000000,545.000000,535.000000,540.000000,538.892578,4239100
2018-12-03,545.000000,560.000000,535.000000,535.000000,533.902832,8586100
2018-12-04,535.000000,545.000000,535.000000,540.000000,538.892578,11088000
2018-12-05,535.000000,540.000000,525.000000,530.000000,528.913086,16078300
2018-12-06,535.000000,535.000000,520.000000,525.000000,523.923340,14074100
2018-12-07,530.000000,530.000000,520.000000,530.000000,528.913086,5652300
2018-12-10,530.000000,540.000000,525.000000,530.000000,528.913086,4941800
2018-12-11,535.000000,535.000000,520.000000,525.000000,523.923340,11867900
2018-12-12,525.000000,530.000000,515.000000,520.000000,518.933594,7496500
2018-12-13,525.000000,530.000000,520.000000,530.000000,528.913086,23670800
2018-12-14,530.000000,530.000000,525.000000,525.000000,523.923340,4389800
2018-12-17,530.000000,535.000000,525.000000,525.000000,523.923340,6062400
2018-12-18,525.000000,530.000000,520.000000,525.000000,523.923340,6851700
2018-12-19,525.000000,530.000000,515.000000,520.000000,518.933594,10292400
2018-12-20,520.000000,540.000000,520.000000,535.000000,533.902832,9982800
2018-12-21,535.000000,545.000000,525.000000,525.000000,523.923340,15245600
2018-12-24,525.000000,525.000000,525.000000,525.000000,523.923340,0
2018-12-25,525.000000,525.000000,525.000000,525.000000,523.923340,0
2018-12-26,525.000000,530.000000,515.000000,520.000000,518.933594,12728100
2018-12-27,520.000000,525.000000,515.000000,520.000000,518.933594,3935600
2018-12-28,520.000000,525.000000,515.000000,525.000000,523.923340,6176000
2018-12-31,525.000000,525.000000,525.000000,525.000000,523.923340,0
2019-01-01,525.000000,525.000000,525.000000,525.000000,523.923340,0
2019-01-02,520.000000,530.000000,515.000000,520.000000,518.933594,2485300
2019-01-03,520.000000,530.000000,515.000000,525.000000,523.923340,5963500
2019-01-04,525.000000,540.000000,520.000000,530.000000,528.913086,10669300
2019-01-07,530.000000,540.000000,525.000000,530.000000,528.913086,7908200
2019-01-08,535.000000,540.000000,530.000000,530.000000,528.913086,6126700
2019-01-09,535.000000,540.000000,535.000000,540.000000,538.892578,7532300
2019-01-10,540.000000,545.000000,530.000000,530.000000,528.913086,5714200
2019-01-11,535.000000,535.000000,530.000000,530.000000,528.913086,1504400
2019-01-14,530.000000,535.000000,525.000000,525.000000,523.923340,2278500
2019-01-15,525.000000,535.000000,525.000000,530.000000,528.913086,3620600
2019-01-16,530.000000,540.000000,525.000000,535.000000,533.902832,9228900
2019-01-17,540.000000,555.000000,535.000000,545.000000,543.882324,26337800
2019-01-18,555.000000,555.000000,545.000000,545.000000,543.882324,15112200
2019-01-21,545.000000,550.000000,540.000000,550.000000,548.872070,7484200
2019-01-22,550.000000,550.000000,540.000000,540.000000,538.892578,5162200
2019-01-23,550.000000,550.000000,535.000000,535.000000,533.902832,7631300
2019-01-24,540.000000,550.000000,535.000000,540.000000,538.892578,4693000
2019-01-25,550.000000,570.000000,545.000000,565.000000,563.841309,32950800
2019-01-28,565.000000,575.000000,555.000000,565.000000,563.841309,8969700
2019-01-29,565.000000,565.000000,550.000000,555.000000,553.861816,6401200
2019-01-30,560.000000,560.000000,550.000000,550.000000,548.872070,3310000
2019-01-31,555.000000,565.000000,550.000000,560.000000,558.851563,7961700
2019-02-01,560.000000,565.000000,555.000000,560.000000,558.851563,4789500
2019-02-04,560.000000,580.000000,560.000000,565.000000,563.841309,16265900
2019-02-05,565.000000,565.000000,565.000000,565.000000,563.841309,0
2019-02-06,565.000000,570.000000,555.000000,555.000000,553.861816,7133100
2019-02-07,560.000000,565.000000,555.000000,565.000000,563.841309,6587900
2019-02-08,570.000000,605.000000,565.000000,585.000000,583.800293,80431500
2019-02-11,585.000000,595.000000,570.000000,570.000000,568.831055,13589400
2019-02-12,575.000000,575.000000,555.000000,565.000000,563.841309,12800700
2019-02-13,565.000000,570.000000,555.000000,565.000000,563.841309,3961100
2019-02-14,565.000000,570.000000,555.000000,555.000000,553.861816,4719500
2019-02-15,555.000000,565.000000,550.000000,555.000000,553.861816,13041100
2019-02-18,560.000000,570.000000,555.000000,560.000000,558.851563,9143800
2019-02-19,565.000000,570.000000,555.000000,560.000000,558.851563,8799400
2019-02-20,565.000000,570.000000,560.000000,560.000000,558.851563,7400000
2019-02-21,560.000000,565.000000,550.000000,550.000000,548.872070,12372000
2019-02-22,555.000000,555.000000,545.000000,550.000000,548.872070,5835700
2019-02-25,550.000000,560.000000,550.000000,555.000000,553.861816,5971000
2019-02-26,560.000000,565.000000,550.000000,555.000000,553.861816,3631100
2019-02-27,555.000000,560.000000,550.000000,555.000000,553.861816,4649800
2019-02-28,555.000000,555.000000,535.000000,540.000000,538.892578,10212900
2019-03-01,535.000000,550.000000,535.000000,545.000000,543.882324,2574300
2019-03-04,550.000000,550.000000,540.000000,545.000000,543.882324,3378200
2019-03-05,545.000000,545.000000,535.000000,540.000000,538.892578,9383000
2019-03-06,540.000000,545.000000,540.000000,540.000000,538.892578,1258400
2019-03-07,540.000000,540.000000,540.000000,540.000000,538.892578,0
2019-03-08,545.000000,545.000000,535.000000,540.000000,538.892578,2934500
2019-03-11,540.000000,540.000000,535.000000,535.000000,533.902832,1167800
2019-03-12,535.000000,540.000000,535.000000,540.000000,538.892578,3238000
2019-03-13,535.000000,540.000000,530.000000,535.000000,533.902832,2813200
2019-03-14,535.000000,540.000000,530.000000,535.000000,533.902832,1497700
2019-03-15,540.000000,545.000000,535.000000,540.000000,538.892578,4725200
2019-03-18,545.000000,545.000000,540.000000,545.000000,543.882324,1013400
2019-03-19,540.000000,545.000000,540.000000,540.000000,538.892578,1297600
2019-03-20,540.000000,545.000000,535.000000,540.000000,538.892578,2368000
2019-03-21,535.000000,545.000000,535.000000,545.000000,543.882324,2664800
2019-03-22,545.000000,555.000000,545.000000,545.000000,543.882324,2469700
2019-03-25,545.000000,545.000000,525.000000,535.000000,533.902832,7736700
2019-03-26,535.000000,540.000000,530.000000,540.000000,538.892578,965700
2019-03-27,540.000000,540.000000,530.000000,535.000000,533.902832,2007800
2019-03-28,535.000000,540.000000,530.000000,535.000000,533.902832,944100
2019-03-29,535.000000,540.000000,530.000000,530.000000,528.913086,540800
2019-04-01,530.000000,540.000000,530.000000,535.000000,533.902832,2139400
2019-04-02,535.000000,535.000000,525.000000,530.000000,528.913086,3861300
2019-04-03,530.000000,530.000000,530.000000,530.000000,528.913086,0
2019-04-04,530.000000,540.000000,530.000000,535.000000,533.902832,4433500
2019-04-05,540.000000,540.000000,530.000000,530.000000,528.913086,1535500
2019-04-08,530.000000,535.000000,525.000000,525.000000,523.923340,6167100
2019-04-09,525.000000,535.000000,525.000000,530.000000,528.913086,4749300
2019-04-10,530.000000,535.000000,525.000000,525.000000,523.923340,5000100
2019-04-11,525.000000,530.000000,520.000000,525.000000,523.923340,1851700
2019-04-12,525.000000,530.000000,520.000000,525.000000,523.923340,2616300
2019-04-15,525.000000,545.000000,525.000000,530.000000,528.913086,11880000
2019-04-16,535.000000,555.000000,530.000000,555.000000,553.861816,28803600
2019-04-17,555.000000,555.000000,555.000000,555.000000,553.861816,0
2019-04-18,565.000000,575.000000,540.000000,550.000000,548.872070,26196500
2019-04-19,550.000000,550.000000,550.000000,550.000000,548.872070,0
2019-04-22,550.000000,555.000000,535.000000,540.000000,538.892578,3343900
2019-04-23,540.000000,545.000000,535.000000,540.000000,538.892578,3723800
2019-04-24,540.000000,560.000000,535.000000,555.000000,553.861816,20341000
2019-04-25,560.000000,570.000000,545.000000,555.000000,553.861816,37721300
2019-04-26,555.000000,560.000000,545.000000,550.000000,548.872070,4696400
2019-04-29,550.000000,570.000000,550.000000,570.000000,568.831055,26653500
2019-04-30,570.000000,570.000000,555.000000,555.000000,553.861816,12586000
2019-05-01,555.000000,555.000000,555.000000,555.000000,553.861816,0
2019-05-02,555.000000,560.000000,545.000000,550.000000,548.872070,6625600
2019-05-03,550.000000,555.000000,540.000000,545.000000,543.882324,6648700
2019-05-06,550.000000,550.000000,535.000000,540.000000,538.892578,4404500
2019-05-07,545.000000,545.000000,535.000000,540.000000,538.892578,6869000
2019-05-08,540.000000,545.000000,535.000000,535.000000,533.902832,4533800
2019-05-09,540.000000,540.000000,530.000000,530.000000,530.000000,6368300
2019-05-10,535.000000,535.000000,520.000000,530.000000,530.000000,4857800
2019-05-13,530.000000,535.000000,510.000000,520.000000,520.000000,10735500
2019-05-14,520.000000,520.000000,505.000000,510.000000,510.000000,11207600
2019-05-15,510.000000,525.000000,505.000000,505.000000,505.000000,12404600
2019-05-16,505.000000,510.000000,492.000000,500.000000,500.000000,8155300
2019-05-17,505.000000,505.000000,498.000000,500.000000,500.000000,4506800
2019-05-20,500.000000,505.000000,492.000000,500.000000,500.000000,3952100
2019-05-21,500.000000,515.000000,500.000000,500.000000,500.000000,9078400
2019-05-22,500.000000,505.000000,500.000000,500.000000,500.000000,1428500
2019-05-23,505.000000,510.000000,500.000000,505.000000,505.000000,6428400
2019-05-24,505.000000,510.000000,500.000000,505.000000,505.000000,9742400
2019-05-27,505.000000,520.000000,500.000000,515.000000,515.000000,12027500
2019-05-28,520.000000,525.000000,505.000000,510.000000,510.000000,5884500
2019-05-29,510.000000,525.000000,505.000000,515.000000,515.000000,3740700
2019-05-30,515.000000,515.000000,515.000000,515.000000,515.000000,0
2019-05-31,525.000000,525.000000,505.000000,515.000000,515.000000,10456200
2019-06-03,515.000000,515.000000,515.000000,515.000000,515.000000,0
2019-06-04,515.000000,515.000000,515.000000,515.000000,515.000000,0
2019-06-05,515.000000,515.000000,515.000000,515.000000,515.000000,0
2019-06-06,515.000000,515.000000,515.000000,515.000000,515.000000,0
2019-06-07,515.000000,515.000000,515.000000,515.000000,515.000000,0
2019-06-10,515.000000,520.000000,515.000000,520.000000,520.000000,4090100
2019-06-11,520.000000,525.000000,515.000000,515.000000,515.000000,3895200
2019-06-12,520.000000,520.000000,510.000000,510.000000,510.000000,5428500
2019-06-13,510.000000,515.000000,505.000000,505.000000,505.000000,6395900
2019-06-14,505.000000,510.000000,500.000000,505.000000,505.000000,3263700
2019-06-17,505.000000,510.000000,498.000000,500.000000,500.000000,7099100
2019-06-18,500.000000,505.000000,498.000000,500.000000,500.000000,4968500
2019-06-19,500.000000,510.000000,500.000000,510.000000,510.000000,4417800
2019-06-20,505.000000,510.000000,500.000000,510.000000,510.000000,4928100
2019-06-21,510.000000,510.000000,500.000000,505.000000,505.000000,3124300
2019-06-24,505.000000,510.000000,500.000000,505.000000,505.000000,2434800
2019-06-25,505.000000,510.000000,505.000000,510.000000,510.000000,1162100
2019-06-26,510.000000,510.000000,498.000000,500.000000,500.000000,11372200
2019-06-27,500.000000,510.000000,500.000000,500.000000,500.000000,1758100
2019-06-28,500.000000,510.000000,500.000000,505.000000,505.000000,6611100
2019-07-01,505.000000,515.000000,505.000000,505.000000,505.000000,4944300
2019-07-02,505.000000,510.000000,505.000000,505.000000,505.000000,5029000
2019-07-03,505.000000,510.000000,500.000000,505.000000,505.000000,3494100
2019-07-04,505.000000,510.000000,505.000000,505.000000,505.000000,2599300
2019-07-05,505.000000,510.000000,500.000000,500.000000,500.000000,8387200
2019-07-08,500.000000,510.000000,500.000000,510.000000,510.000000,8834200
2019-07-09,510.000000,510.000000,500.000000,505.000000,505.000000,4167600
2019-07-10,505.000000,510.000000,500.000000,500.000000,500.000000,5162800
2019-07-11,500.000000,510.000000,500.000000,500.000000,500.000000,3585900
2019-07-12,505.000000,505.000000,500.000000,500.000000,500.000000,18799700
2019-07-15,500.000000,510.000000,500.000000,510.000000,510.000000,15232800
2019-07-16,510.000000,535.000000,510.000000,525.000000,525.000000,35780600
2019-07-17,525.000000,530.000000,510.000000,515.000000,515.000000,8545700
2019-07-18,515.000000,520.000000,510.000000,515.000000,515.000000,2344400
2019-07-19,515.000000,520.000000,510.000000,510.000000,510.000000,2226600
2019-07-22,510.000000,515.000000,505.000000,505.000000,505.000000,2176200
2019-07-23,510.000000,510.000000,505.000000,505.000000,505.000000,1929900
2019-07-24,505.000000,510.000000,500.000000,505.000000,505.000000,3523700
2019-07-25,510.000000,510.000000,505.000000,505.000000,505.000000,2714800
2019-07-26,505.000000,510.000000,500.000000,505.000000,505.000000,2719500
2019-07-29,505.000000,505.000000,498.000000,500.000000,500.000000,7232300
2019-07-30,500.000000,505.000000,500.000000,500.000000,500.000000,939400
2019-07-31,500.000000,505.000000,498.000000,505.000000,505.000000,3855700
2019-08-01,505.000000,505.000000,498.000000,498.000000,498.000000,4001400
2019-08-02,498.000000,500.000000,494.000000,496.000000,496.000000,5388300
2019-08-05,496.000000,498.000000,480.000000,484.000000,484.000000,7836400
2019-08-06,484.000000,484.000000,466.000000,480.000000,480.000000,11418300
2019-08-07,482.000000,492.000000,480.000000,480.000000,480.000000,5911100
2019-08-08,498.000000,498.000000,480.000000,482.000000,482.000000,4243200
2019-08-09,482.000000,492.000000,480.000000,482.000000,482.000000,5030800
2019-08-12,484.000000,486.000000,480.000000,482.000000,482.000000,1375400
2019-08-13,482.000000,482.000000,476.000000,476.000000,476.000000,3045100
2019-08-14,476.000000,480.000000,472.000000,474.000000,474.000000,2613400
2019-08-15,474.000000,474.000000,466.000000,468.000000,468.000000,2863200
2019-08-16,468.000000,478.000000,468.000000,474.000000,474.000000,2089500
2019-08-19,474.000000,484.000000,470.000000,472.000000,472.000000,2799500
2019-08-20,474.000000,478.000000,470.000000,470.000000,470.000000,1712400
2019-08-21,470.000000,474.000000,464.000000,466.000000,466.000000,4095500
2019-08-22,466.000000,468.000000,458.000000,458.000000,458.000000,4004200
2019-08-23,458.000000,466.000000,458.000000,466.000000,466.000000,2479900
2019-08-26,466.000000,470.000000,456.000000,458.000000,458.000000,2409200
2019-08-27,460.000000,464.000000,450.000000,452.000000,452.000000,5534400
2019-08-28,452.000000,456.000000,444.000000,444.000000,444.000000,5542500
2019-08-29,446.000000,450.000000,432.000000,432.000000,432.000000,5472500
2019-08-30,432.000000,442.000000,430.000000,434.000000,434.000000,5823400
2019-09-02,434.000000,436.000000,410.000000,410.000000,410.000000,9385200
2019-09-03,410.000000,414.000000,400.000000,406.000000,406.000000,4523200
2019-09-04,406.000000,410.000000,398.000000,404.000000,404.000000,5862400
2019-09-05,406.000000,440.000000,402.000000,428.000000,428.000000,10633600
2019-09-06,430.000000,436.000000,426.000000,426.000000,426.000000,3593200
2019-09-09,426.000000,430.000000,418.000000,420.000000,420.000000,2947300
2019-09-10,420.000000,446.000000,420.000000,438.000000,438.000000,13481600
2019-09-11,438.000000,448.000000,436.000000,438.000000,438.000000,10771500
2019-09-12,438.000000,446.000000,438.000000,438.000000,438.000000,4530800
2019-09-13,442.000000,442.000000,424.000000,426.000000,426.000000,5508600
2019-09-16,424.000000,428.000000,406.000000,408.000000,408.000000,8250300
2019-09-17,410.000000,418.000000,408.000000,414.000000,414.000000,3036200
2019-09-18,414.000000,438.000000,414.000000,434.000000,434.000000,9544000
2019-09-19,434.000000,436.000000,424.000000,428.000000,428.000000,2738000
2019-09-20,428.000000,434.000000,424.000000,430.000000,430.000000,1052300
2019-09-23,430.000000,434.000000,424.000000,424.000000,424.000000,1330900
2019-09-24,424.000000,426.000000,416.000000,420.000000,420.000000,1610200
2019-09-25,420.000000,422.000000,416.000000,416.000000,416.000000,3010900
2019-09-26,416.000000,426.000000,410.000000,412.000000,412.000000,4984900
2019-09-27,412.000000,414.000000,408.000000,408.000000,408.000000,2658100
2019-09-30,408.000000,412.000000,402.000000,404.000000,404.000000,4203900
2019-10-01,404.000000,416.000000,404.000000,408.000000,408.000000,2970700
2019-10-02,408.000000,412.000000,388.000000,390.000000,390.000000,5736700
2019-10-03,390.000000,398.000000,380.000000,398.000000,398.000000,3670300
2019-10-04,398.000000,408.000000,392.000000,408.000000,408.000000,2016000
2019-10-07,408.000000,410.000000,394.000000,396.000000,396.000000,3479100
2019-10-08,396.000000,408.000000,396.000000,404.000000,404.000000,2947600
2019-10-09,404.000000,410.000000,398.000000,398.000000,398.000000,1041200
2019-10-10,398.000000,402.000000,384.000000,390.000000,390.000000,5319600
2019-10-11,398.000000,398.000000,386.000000,392.000000,392.000000,3389700
2019-10-14,392.000000,398.000000,388.000000,388.000000,388.000000,6337000
2019-10-15,390.000000,390.000000,386.000000,388.000000,388.000000,3648800
2019-10-16,388.000000,394.000000,386.000000,390.000000,390.000000,3228300
2019-10-17,390.000000,400.000000,388.000000,394.000000,394.000000,6647800
2019-10-18,398.000000,406.000000,396.000000,402.000000,402.000000,31451600
2019-10-21,404.000000,408.000000,390.000000,392.000000,392.000000,18421100
2019-10-22,392.000000,396.000000,388.000000,390.000000,390.000000,3981600
2019-10-23,392.000000,394.000000,388.000000,390.000000,390.000000,4273400
2019-10-24,390.000000,412.000000,390.000000,402.000000,402.000000,25723500
2019-10-25,402.000000,406.000000,398.000000,398.000000,398.000000,8557800
2019-10-28,398.000000,402.000000,394.000000,394.000000,394.000000,3027500
2019-10-29,396.000000,400.000000,394.000000,394.000000,394.000000,2952000
2019-10-30,398.000000,402.000000,392.000000,392.000000,392.000000,3615800
2019-10-31,394.000000,398.000000,382.000000,386.000000,386.000000,6366900
2019-11-01,386.000000,388.000000,382.000000,384.000000,384.000000,3335100
2019-11-04,386.000000,390.000000,382.000000,386.000000,386.000000,4321000
2019-11-05,384.000000,392.000000,384.000000,388.000000,388.000000,3144800
2019-11-06,392.000000,392.000000,384.000000,384.000000,384.000000,1967000
2019-11-07,384.000000,388.000000,380.000000,384.000000,384.000000,4188800
2019-11-08,384.000000,386.000000,378.000000,380.000000,380.000000,9019900
2019-11-11,380.000000,386.000000,372.000000,374.000000,374.000000,2210200
2019-11-12,374.000000,378.000000,372.000000,374.000000,374.000000,6473800
2019-11-13,374.000000,376.000000,372.000000,374.000000,374.000000,902500
2019-11-14,376.000000,376.000000,368.000000,370.000000,370.000000,7863300
2019-11-15,368.000000,374.000000,368.000000,368.000000,368.000000,8757900
2019-11-18,368.000000,374.000000,368.000000,372.000000,372.000000,6963000
2019-11-19,372.000000,374.000000,364.000000,370.000000,370.000000,2940100
2019-11-20,370.000000,372.000000,366.000000,368.000000,368.000000,3617200
2019-11-21,370.000000,370.000000,364.000000,366.000000,366.000000,1932500
2019-11-22,366.000000,366.000000,350.000000,356.000000,356.000000,10231400
2019-11-25,356.000000,362.000000,350.000000,350.000000,350.000000,1907600
2019-11-26,330.000000,352.000000,330.000000,338.000000,338.000000,3976300
2019-11-27,336.000000,340.000000,318.000000,320.000000,320.000000,5686000
2019-11-28,320.000000,320.000000,302.000000,306.000000,306.000000,5328400
2019-11-29,306.000000,316.000000,300.000000,316.000000,316.000000,3237600
2019-12-02,316.000000,324.000000,316.000000,318.000000,318.000000,2547900
2019-12-03,318.000000,346.000000,318.000000,340.000000,340.000000,9358500
2019-12-04,340.000000,356.000000,340.000000,342.000000,342.000000,7645500
2019-12-05,350.000000,350.000000,330.000000,330.000000,330.000000,5720500
2019-12-06,330.000000,336.000000,328.000000,330.000000,330.000000,3525600
2019-12-09,330.000000,338.000000,328.000000,330.000000,330.000000,3157900
2019-12-10,330.000000,334.000000,328.000000,328.000000,328.000000,3496100
2019-12-11,330.000000,332.000000,320.000000,320.000000,320.000000,6032600
2019-12-12,322.000000,330.000000,318.000000,318.000000,318.000000,4883100
2019-12-13,322.000000,324.000000,318.000000,318.000000,318.000000,2935000
2019-12-16,318.000000,324.000000,314.000000,318.000000,318.000000,3624000
2019-12-17,318.000000,322.000000,318.000000,318.000000,318.000000,2414800
2019-12-18,318.000000,346.000000,318.000000,340.000000,340.000000,17987600
2019-12-19,340.000000,346.000000,332.000000,338.000000,338.000000,9246700
2019-12-20,338.000000,352.000000,334.000000,346.000000,346.000000,16374200
2019-12-23,344.000000,348.000000,342.000000,342.000000,342.000000,4987200
2019-12-26,342.000000,344.000000,334.000000,338.000000,338.000000,2278800
2019-12-27,340.000000,340.000000,328.000000,334.000000,334.000000,3667100
2019-12-30,334.000000,340.000000,330.000000,330.000000,330.000000,2899000
2020-01-02,330.000000,336.000000,330.000000,332.000000,332.000000,1456400
2020-01-03,334.000000,336.000000,326.000000,328.000000,328.000000,4989600
2020-01-06,328.000000,334.000000,320.000000,324.000000,324.000000,6937900
2020-01-07,324.000000,324.000000,316.000000,318.000000,318.000000,6319400
2020-01-08,318.000000,318.000000,312.000000,312.000000,312.000000,4058800
2020-01-09,312.000000,322.000000,310.000000,318.000000,318.000000,4928400
2020-01-10,318.000000,324.000000,314.000000,314.000000,314.000000,6175000
2020-01-13,316.000000,324.000000,314.000000,320.000000,320.000000,10833200
2020-01-14,322.000000,326.000000,318.000000,320.000000,320.000000,7388400
2020-01-15,320.000000,322.000000,316.000000,320.000000,320.000000,18046800
2020-01-16,320.000000,322.000000,316.000000,320.000000,320.000000,11384200
2020-01-17,320.000000,320.000000,316.000000,318.000000,318.000000,2316500
2020-01-20,320.000000,324.000000,318.000000,324.000000,324.000000,17037600
2020-01-21,324.000000,324.000000,316.000000,320.000000,320.000000,5665400
2020-01-22,320.000000,324.000000,316.000000,316.000000,316.000000,10894200
2020-01-23,318.000000,318.000000,310.000000,310.000000,310.000000,16811600
2020-01-24,308.000000,314.000000,308.000000,312.000000,312.000000,4690200
2020-01-27,316.000000,316.000000,308.000000,310.000000,310.000000,8560400
2020-01-28,302.000000,314.000000,302.000000,314.000000,314.000000,1796100
2020-01-29,316.000000,324.000000,316.000000,320.000000,320.000000,9707300
2020-01-30,320.000000,322.000000,314.000000,314.000000,314.000000,1860000
2020-01-31,314.000000,316.000000,308.000000,310.000000,310.000000,2681700
2020-02-03,310.000000,310.000000,304.000000,306.000000,306.000000,4105200
2020-02-04,306.000000,312.000000,306.000000,310.000000,310.000000,1928300
2020-02-05,312.000000,314.000000,310.000000,312.000000,312.000000,1109600
2020-02-06,314.000000,318.000000,312.000000,316.000000,316.000000,2201300
2020-02-07,316.000000,326.000000,316.000000,324.000000,324.000000,3480400
2020-02-10,324.000000,324.000000,314.000000,316.000000,316.000000,2644200
2020-02-11,316.000000,324.000000,314.000000,316.000000,316.000000,2150800
2020-02-12,316.000000,320.000000,312.000000,312.000000,312.000000,1147000
2020-02-13,312.000000,312.000000,298.000000,306.000000,306.000000,4421600
2020-02-14,306.000000,306.000000,298.000000,302.000000,302.000000,4453500
2020-02-17,302.000000,308.000000,300.000000,304.000000,304.000000,2069500
2020-02-18,304.000000,306.000000,302.000000,304.000000,304.000000,2490300
2020-02-19,308.000000,308.000000,302.000000,304.000000,304.000000,2651800
2020-02-20,302.000000,308.000000,302.000000,304.000000,304.000000,851600
2020-02-21,304.000000,304.000000,296.000000,300.000000,300.000000,2442900
2020-02-24,300.000000,300.000000,288.000000,288.000000,288.000000,8987900
2020-02-25,286.000000,286.000000,276.000000,278.000000,278.000000,2514900
2020-02-26,278.000000,278.000000,258.000000,264.000000,264.000000,8148800
2020-02-27,258.000000,264.000000,250.000000,252.000000,252.000000,3746700
2020-02-28,232.000000,248.000000,202.000000,220.000000,220.000000,14039800
2020-03-02,224.000000,224.000000,200.000000,206.000000,206.000000,9719100
2020-03-03,206.000000,216.000000,200.000000,200.000000,200.000000,16441800
2020-03-04,202.000000,212.000000,198.000000,204.000000,204.000000,42014800
2020-03-05,208.000000,254.000000,204.000000,254.000000,254.000000,52301200
2020-03-06,260.000000,274.000000,244.000000,250.000000,250.000000,59998600
2020-03-09,230.000000,250.000000,214.000000,214.000000,214.000000,17419600
2020-03-10,214.000000,262.000000,210.000000,250.000000,250.000000,42753300
2020-03-11,244.000000,266.000000,228.000000,236.000000,236.000000,33673600
2020-03-12,236.000000,236.000000,214.000000,214.000000,214.000000,12763600
2020-03-13,214.000000,220.000000,200.000000,212.000000,212.000000,13187100
2020-03-16,212.000000,212.000000,198.000000,198.000000,198.000000,11800000
2020-03-17,195.000000,198.000000,185.000000,185.000000,185.000000,5303100
2020-03-18,185.000000,185.000000,173.000000,173.000000,173.000000,8581500
2020-03-19,161.000000,170.000000,161.000000,161.000000,161.000000,664700
2020-03-20,161.000000,163.000000,150.000000,155.000000,155.000000,12602300
2020-03-23,155.000000,155.000000,145.000000,145.000000,145.000000,2504500
2020-03-24,136.000000,159.000000,135.000000,135.000000,135.000000,18660000
2020-03-26,136.000000,171.000000,135.000000,160.000000,160.000000,28110000
2020-03-27,164.000000,214.000000,164.000000,198.000000,198.000000,44846400
2020-03-30,194.000000,218.000000,185.000000,188.000000,188.000000,22451600
2020-03-31,190.000000,210.000000,190.000000,196.000000,196.000000,15375900
2020-04-01,196.000000,204.000000,184.000000,185.000000,185.000000,12037800
2020-04-02,185.000000,193.000000,182.000000,189.000000,189.000000,7756300
2020-04-03,195.000000,198.000000,190.000000,193.000000,193.000000,12491100
2020-04-06,196.000000,210.000000,196.000000,204.000000,204.000000,28115900
2020-04-07,210.000000,222.000000,197.000000,202.000000,202.000000,23211400
2020-04-08,204.000000,208.000000,190.000000,191.000000,191.000000,10227900
2020-04-09,195.000000,198.000000,189.000000,193.000000,193.000000,6127100
2020-04-13,192.000000,212.000000,192.000000,200.000000,200.000000,27688500
2020-04-14,202.000000,212.000000,200.000000,202.000000,202.000000,26254600
2020-04-15,204.000000,208.000000,196.000000,197.000000,197.000000,11853200
2020-04-16,198.000000,200.000000,190.000000,194.000000,194.000000,7288300
2020-04-17,195.000000,204.000000,194.000000,202.000000,202.000000,14358000
2020-04-20,204.000000,204.000000,196.000000,196.000000,196.000000,8193200
2020-04-21,196.000000,198.000000,189.000000,192.000000,192.000000,7599000
2020-04-22,192.000000,196.000000,185.000000,195.000000,195.000000,7218900
2020-04-23,198.000000,202.000000,194.000000,194.000000,194.000000,6811900
2020-04-24,193.000000,196.000000,189.000000,189.000000,189.000000,6138100
2020-04-27,194.000000,194.000000,190.000000,194.000000,194.000000,4051700
2020-04-28,195.000000,198.000000,189.000000,190.000000,190.000000,3928600
2020-04-29,190.000000,192.000000,190.000000,191.000000,191.000000,2502700
2020-04-30,191.000000,199.000000,191.000000,196.000000,196.000000,12433400
2020-05-04,196.000000,212.000000,188.000000,202.000000,202.000000,23007700
2020-05-05,206.000000,252.000000,206.000000,252.000000,252.000000,200834600
2020-05-06,260.000000,302.000000,248.000000,256.000000,256.000000,253437700
2020-05-08,270.000000,270.000000,248.000000,248.000000,248.000000,74196400
2020-05-11,250.000000,262.000000,246.000000,248.000000,248.000000,26380600
2020-05-12,248.000000,250.000000,232.000000,232.000000,232.000000,29218000
2020-05-13,230.000000,282.000000,224.000000,280.000000,280.000000,184569300
2020-05-14,284.000000,294.000000,262.000000,262.000000,262.000000,143658400
2020-05-15,262.000000,272.000000,246.000000,252.000000,252.000000,54203300
2020-05-18,254.000000,280.000000,246.000000,272.000000,272.000000,119266900
2020-05-19,276.000000,330.000000,272.000000,288.000000,288.000000,399950600
2020-05-20,288.000000,306.000000,284.000000,288.000000,288.000000,187438000
2020-05-26,290.000000,300.000000,288.000000,290.000000,290.000000,50798200
2020-05-27,292.000000,314.000000,288.000000,308.000000,308.000000,141454800
2020-05-28,310.000000,318.000000,298.000000,302.000000,302.000000,72088800
2020-05-29,300.000000,308.000000,298.000000,300.000000,300.000000,37694900
2020-06-02,300.000000,328.000000,300.000000,320.000000,320.000000,122242500
2020-06-03,326.000000,334.000000,312.000000,320.000000,320.000000,107973200
2020-06-04,320.000000,326.000000,312.000000,314.000000,314.000000,40896000
2020-06-05,316.000000,324.000000,304.000000,320.000000,320.000000,44463500
2020-06-08,324.000000,336.000000,322.000000,328.000000,328.000000,86477300
2020-06-09,330.000000,334.000000,314.000000,314.000000,314.000000,42414200
2020-06-10,316.000000,316.000000,298.000000,302.000000,302.000000,41115100
2020-06-11,304.000000,308.000000,288.000000,294.000000,294.000000,24136600
2020-06-12,292.000000,314.000000,274.000000,312.000000,312.000000,91836800
2020-06-15,312.000000,318.000000,302.000000,302.000000,302.000000,27116100
2020-06-16,306.000000,322.000000,306.000000,318.000000,318.000000,73103000
2020-06-17,322.000000,326.000000,316.000000,318.000000,318.000000,36733100
2020-06-18,316.000000,322.000000,316.000000,316.000000,316.000000,30224700
2020-06-19,316.000000,322.000000,314.000000,316.000000,316.000000,11193600
2020-06-22,316.000000,318.000000,300.000000,308.000000,308.000000,17985300
2020-06-23,308.000000,310.000000,304.000000,306.000000,306.000000,12643200
2020-06-24,306.000000,320.000000,306.000000,314.000000,314.000000,31287400
2020-06-25,314.000000,314.000000,308.000000,310.000000,310.000000,7923900
2020-06-26,312.000000,316.000000,308.000000,308.000000,308.000000,7351000
2020-06-29,308.000000,310.000000,304.000000,306.000000,306.000000,7183600
2020-06-30,310.000000,312.000000,306.000000,308.000000,308.000000,5873700
2020-07-01,312.000000,312.000000,306.000000,306.000000,306.000000,5248600
2020-07-02,308.000000,310.000000,304.000000,306.000000,306.000000,10751300
2020-07-03,308.000000,322.000000,308.000000,318.000000,318.000000,79338000
2020-07-06,322.000000,396.000000,322.000000,396.000000,396.000000,542788500
2020-07-07,408.000000,476.000000,400.000000,452.000000,452.000000,1318651800
2020-07-08,452.000000,470.000000,432.000000,440.000000,440.000000,361151900
2020-07-09,440.000000,450.000000,432.000000,438.000000,438.000000,106035600
2020-07-10,440.000000,505.000000,434.000000,474.000000,474.000000,945221000
2020-07-13,482.000000,496.000000,478.000000,482.000000,482.000000,200574800
2020-07-14,484.000000,515.000000,474.000000,490.000000,490.000000,403537900
2020-07-15,492.000000,500.000000,484.000000,490.000000,490.000000,132585800
2020-07-16,496.000000,500.000000,488.000000,492.000000,492.000000,178317900
2020-07-17,492.000000,496.000000,486.000000,488.000000,488.000000,55760100
2020-07-20,488.000000,490.000000,472.000000,474.000000,474.000000,67948100
2020-07-21,474.000000,488.000000,474.000000,484.000000,484.000000,59554000
2020-07-22,486.000000,488.000000,474.000000,480.000000,480.000000,61110600
2020-07-23,486.000000,510.000000,482.000000,494.000000,494.000000,236678500
2020-07-24,490.000000,496.000000,482.000000,484.000000,484.000000,64059500
2020-07-27,486.000000,488.000000,476.000000,480.000000,480.000000,51618300
2020-07-28,480.000000,600.000000,478.000000,590.000000,590.000000,778397500
2020-07-29,595.000000,615.000000,550.000000,550.000000,550.000000,387849400
2020-07-30,550.000000,580.000000,520.000000,540.000000,540.000000,287754200
2020-08-03,540.000000,560.000000,505.000000,515.000000,515.000000,161959200
2020-08-04,515.000000,555.000000,515.000000,535.000000,535.000000,168454600
2020-08-05,540.000000,570.000000,520.000000,550.000000,550.000000,208206100
2020-08-06,555.000000,575.000000,545.000000,555.000000,555.000000,146375300
2020-08-07,565.000000,565.000000,545.000000,550.000000,550.000000,71784900
2020-08-10,550.000000,570.000000,550.000000,560.000000,560.000000,109650800
2020-08-11,565.000000,590.000000,565.000000,570.000000,570.000000,120846800
2020-08-12,570.000000,635.000000,560.000000,590.000000,590.000000,703486100
2020-08-13,605.000000,630.000000,580.000000,585.000000,585.000000,150199000
2020-08-14,585.000000,600.000000,580.000000,585.000000,585.000000,55635600
2020-08-18,590.000000,620.000000,585.000000,605.000000,605.000000,185972000
2020-08-19,605.000000,625.000000,600.000000,605.000000,605.000000,98797600
2020-08-24,605.000000,750.000000,605.000000,730.000000,730.000000,851023700
2020-08-25,745.000000,745.000000,700.000000,720.000000,720.000000,252792200
2020-08-26,720.000000,890.000000,710.000000,865.000000,865.000000,800843000
2020-08-27,875.000000,1015.000000,870.000000,950.000000,950.000000,643641600
2020-08-28,955.000000,1000.000000,940.000000,965.000000,965.000000,175858100
2020-08-31,975.000000,1020.000000,935.000000,965.000000,965.000000,328355900
2020-09-01,970.000000,990.000000,950.000000,975.000000,975.000000,129278800
2020-09-02,985.000000,990.000000,970.000000,970.000000,970.000000,69416700
2020-09-03,980.000000,980.000000,940.000000,955.000000,955.000000,76411600
2020-09-04,960.000000,990.000000,910.000000,985.000000,985.000000,152652700
2020-09-07,985.000000,1000.000000,950.000000,970.000000,970.000000,138559400
2020-09-08,970.000000,980.000000,955.000000,960.000000,960.000000,40565700
2020-09-09,955.000000,955.000000,895.000000,910.000000,910.000000,149506500
2020-09-10,900.000000,910.000000,850.000000,850.000000,850.000000,128294900
2020-09-11,810.000000,890.000000,795.000000,860.000000,860.000000,490246900
2020-09-14,880.000000,930.000000,875.000000,920.000000,920.000000,265850400
2020-09-15,930.000000,945.000000,885.000000,900.000000,900.000000,198079500
2020-09-16,910.000000,910.000000,850.000000,875.000000,875.000000,117270900
2020-09-17,880.000000,890.000000,850.000000,855.000000,855.000000,71898700
2020-09-18,855.000000,890.000000,850.000000,870.000000,870.000000,99519400
2020-09-21,880.000000,880.000000,820.000000,825.000000,825.000000,108036300
2020-09-22,790.000000,815.000000,770.000000,770.000000,770.000000,236629800
2020-09-23,790.000000,805.000000,720.000000,750.000000,750.000000,292999800
2020-09-24,740.000000,740.000000,710.000000,725.000000,725.000000,153779500
2020-09-25,735.000000,785.000000,710.000000,770.000000,770.000000,399270800
2020-09-28,785.000000,800.000000,750.000000,755.000000,755.000000,137145400
2020-09-29,765.000000,780.000000,730.000000,740.000000,740.000000,132595300
2020-09-30,750.000000,760.000000,725.000000,750.000000,750.000000,109237600
2020-10-01,760.000000,795.000000,755.000000,795.000000,795.000000,187254900
2020-10-02,800.000000,805.000000,755.000000,775.000000,775.000000,199721000
2020-10-05,790.000000,840.000000,770.000000,840.000000,840.000000,273488100
2020-10-06,860.000000,880.000000,845.000000,845.000000,845.000000,255981800
2020-10-07,835.000000,860.000000,825.000000,850.000000,850.000000,127022000
2020-10-08,855.000000,875.000000,845.000000,860.000000,860.000000,136852500
2020-10-09,865.000000,870.000000,850.000000,855.000000,855.000000,75295400
2020-10-12,870.000000,910.000000,860.000000,900.000000,900.000000,301368800
2020-10-13,920.000000,1125.000000,920.000000,1125.000000,1125.000000,915490400
2020-10-14,1205.000000,1405.000000,1200.000000,1405.000000,1405.000000,257572500
2020-10-15,1600.000000,1690.000000,1310.000000,1310.000000,1310.000000,292825600
2020-10-16,1250.000000,1400.000000,1220.000000,1395.000000,1395.000000,594463600
2020-10-19,1440.000000,1500.000000,1355.000000,1400.000000,1400.000000,417214400
2020-10-20,1405.000000,1555.000000,1355.000000,1500.000000,1500.000000,772644400
2020-10-21,1550.000000,1550.000000,1395.000000,1395.000000,1395.000000,557146500
2020-10-22,1395.000000,1395.000000,1300.000000,1300.000000,1300.000000,34901100
2020-10-23,1210.000000,1360.000000,1210.000000,1210.000000,1210.000000,712398000
2020-10-26,1195.000000,1305.000000,1195.000000,1250.000000,1250.000000,218109800
2020-10-27,1250.000000,1305.000000,1220.000000,1235.000000,1235.000000,208740200
2020-11-02,1245.000000,1255.000000,1180.000000,1210.000000,1210.000000,74640600
2020-11-03,1220.000000,1240.000000,1180.000000,1180.000000,1180.000000,79524800
2020-11-04,1190.000000,1220.000000,1150.000000,1170.000000,1170.000000,155562700
2020-11-05,1180.000000,1280.000000,1180.000000,1265.000000,1265.000000,324721100
2020-11-06,1270.000000,1295.000000,1225.000000,1230.000000,1230.000000,172573900
2020-11-09,1250.000000,1265.000000,1215.000000,1220.000000,1220.000000,74325700
2020-11-10,1240.000000,1245.000000,1210.000000,1230.000000,1230.000000,73199200
2020-11-11,1265.000000,1345.000000,1235.000000,1275.000000,1275.000000,395031700
2020-11-12,1280.000000,1315.000000,1255.000000,1275.000000,1275.000000,111149300
2020-11-13,1275.000000,1320.000000,1270.000000,1300.000000,1300.000000,135006600
2020-11-16,1315.000000,1315.000000,1290.000000,1295.000000,1295.000000,65182800
2020-11-17,1295.000000,1325.000000,1285.000000,1305.000000,1305.000000,122854200
2020-11-18,1315.000000,1360.000000,1300.000000,1350.000000,1350.000000,217311000
2020-11-19,1360.000000,1410.000000,1350.000000,1355.000000,1355.000000,282085100
2020-11-20,1355.000000,1375.000000,1320.000000,1335.000000,1335.000000,106471700
2020-11-23,1355.000000,1360.000000,1325.000000,1345.000000,1345.000000,63948800
2020-11-24,1345.000000,1360.000000,1330.000000,1350.000000,1350.000000,82074300
2020-11-25,1390.000000,1420.000000,1355.000000,1375.000000,1375.000000,220557800
2020-11-26,1375.000000,1390.000000,1360.000000,1375.000000,1375.000000,59162600
2020-11-27,1375.000000,1480.000000,1360.000000,1470.000000,1470.000000,277188500
2020-11-30,1480.000000,1535.000000,1370.000000,1430.000000,1430.000000,406385200
2020-12-01,1395.000000,1485.000000,1385.000000,1455.000000,1455.000000,209340300
2020-12-02,1465.000000,1480.000000,1445.000000,1455.000000,1455.000000,106413000
2020-12-03,1455.000000,1505.000000,1450.000000,1485.000000,1485.000000,237227300
2020-12-04,1500.000000,1500.000000,1465.000000,1465.000000,1465.000000,84597500
2020-12-07,1465.000000,1495.000000,1430.000000,1475.000000,1475.000000,71161300
2020-12-08,1480.000000,1485.000000,1455.000000,1460.000000,1460.000000,46302400
2020-12-09,1460.000000,1460.000000,1460.000000,1460.000000,1460.000000,0
2020-12-10,1470.000000,1525.000000,1460.000000,1490.000000,1490.000000,222948900
2020-12-11,1500.000000,1840.000000,1490.000000,1785.000000,1785.000000,946957600